รหัสลูกค้า,ชื่อร้าน,ชื่อเซลที่ WMS เคยแสดง,ชื่อค้างในช่อง salesperson_name
C00659,จรัส บริการ,SBB,SBB
C00116,ธงชัยค้าของเก่า,กฤษฎา โกมินา,กฤษฎา โกมินา
C00729,นาย ทรงชัย สุขสงวน,ขนส่ง,ขนส่ง
C00933,นาย สรพงศ์ ไพฑูรย์พงษ์,อื่นๆ,อื่นๆ
C00580,นายวีระ ทาโทน,อื่นๆ,อื่นๆ
C00038,บริษัท กรุงเทพวิศวกิจสตีล จำกัด,กมลชนก แร่มี,
C00672,บริษัท ก้าวหน้าบ้านวัสดุ จำกัด,ดาวใจ สมประสงค์,ดาวใจ สมประสงค์
C00007,บริษัท คอทโก้ เมททอลเวอร์คส จำกัด,กมลชนก แร่มี,กมลชนก แร่มี
C00727,บริษัท จัสมิน เรสซิเดนซ์5 จำกัด,ดาวใจ สมประสงค์,ดาวใจ สมประสงค์
C00363,บริษัท ช. เกียรติ์ สตีล จำกัด,กฤษฎา โกมินา,กฤษฎา โกมินา
C00273,บริษัท ชั้งฮวดสตีล (1992) จำกัด,ม้วน,ม้วน
C00331,บริษัท ชาญชวิน โลหะภัณฑ์ จำกัด,กฤษฎา โกมินา,
C00005,บริษัท ซี เอส ไอ คอนสตรัคท์ จำกัด,กฤษฎา โกมินา,กฤษฎา โกมินา
C00267,บริษัท ซีเอสพี สตีลเซ็นเตอร์ จำกัด (มหาชน),อื่นๆ,อื่นๆ
C00093,บริษัท ซุปเปอร์สตีลเซ็นเตอร์ จำกัด,กฤษฎา โกมินา,กฤษฎา โกมินา
C00168,บริษัท ดวงมณี ค้าเหล็ก จำกัด,ดาวใจ สมประสงค์,ดาวใจ สมประสงค์
C00227,บริษัท ดำรงค์พานิช คอนสตรัคชั่น จำกัด,กฤษฎา โกมินา,ดาวใจ สมประสงค์
C00189,บริษัท ดี เมทัล จำกัด,กฤษฎา โกมินา,กฤษฎา โกมินา
C00684,บริษัท ตรีรักษ์ (1992) จำกัด,กฤษฎา โกมินา,กฤษฎา โกมินา
C00509,บริษัท ทรัพย์อนันต์โลหะกิจ จำกัด,กฤษฎา โกมินา,กฤษฎา โกมินา
C00165,บริษัท ทองประภาค้าเหล็ก จำกัด,อื่นๆ,อื่นๆ
C00423,บริษัท ที.เอ็น.แอล.สตีล จำกัด,กฤษฎา โกมินา,
C00613,บริษัท ทีม สตีล จำกัด,กฤษฎา โกมินา,กฤษฎา โกมินา
C00339,บริษัท ทีเค เมทัลชีท จำกัด,กมลชนก แร่มี,กมลชนก แร่มี
C00255,บริษัท ทีเอส เมททัล ซัพพลาย จำกัด,กฤษฎา โกมินา,กฤษฎา โกมินา
C00062,บริษัท ธนาสารเซ็นทรัลสตีล จำกัด,กฤษฎา โกมินา,กฤษฎา โกมินา
C00191,บริษัท บรรจงทรัพย์ เมททัล จำกัด,กฤษฎา โกมินา,กฤษฎา โกมินา
C00257,บริษัท บิลค์ เอเชีย จำกัด,กฤษฎา โกมินา,กฤษฎา โกมินา
C00113,บริษัท บี.เอ็น.เค. เอ็นจิเนียริ่ง จำกัด,กฤษฎา โกมินา,กฤษฎา โกมินา
C00769,บริษัท บีเทค บีริช จำกัด,กฤษฎา โกมินา,กฤษฎา โกมินา
C00633,บริษัท บุรีรัมย์ เมทอลชีท จำกัด,กฤษฎา โกมินา,กฤษฎา โกมินา
C00346,บริษัท บ้านวิศวะ (มุกดาหาร) จำกัด,กมลชนก แร่มี,กมลชนก แร่มี
C00865,บริษัท พร พฤกษา จำกัด,ดาวใจ สมประสงค์,ดาวใจ สมประสงค์
C00361,บริษัท พารากอน สตีล กรุ๊ป จำกัด,SBB,SBB
C00636,บริษัท พีทีเอส แอดวานซ์ คอนสตรัคชั่น จำกัด,กมลชนก แร่มี,กมลชนก แร่มี
C00626,บริษัท ภารุ่งเรือง อิมปอร์ต-เอ็กซ์ปอร์ต จำกัด,ดาวใจ สมประสงค์,ดาวใจ สมประสงค์
C00642,บริษัท ภีมเศรษฐ์ จำกัด,กฤษฎา โกมินา,กฤษฎา โกมินา
C00258,บริษัท มหาโชติ11 จำกัด,กฤษฎา โกมินา,กฤษฎา โกมินา
C00077,บริษัท มาบุญยงค์กรุ๊ป จำกัด,กฤษฎา โกมินา,กฤษฎา โกมินา
C00653,บริษัท มาริโอ้ สตีล จำกัด,ดาวใจ สมประสงค์,ดาวใจ สมประสงค์
C00173,บริษัท รัฐกาญจน์ สตีล จำกัด,กฤษฎา โกมินา,กฤษฎา โกมินา
C00318,บริษัท ลิ้มกอบกุล จำกัด,เพ็ชชาลี กิจการประพันธ์,เพ็ชชาลี กิจการประพันธ์
C00614,บริษัท ลีวัฒนาสตีลเทรด จำกัด,กฤษฎา โกมินา,กฤษฎา โกมินา
C00708,บริษัท ลี้ภัยดี ทรานสปอร์ต (2012) จำกัด,ขนส่ง,ขนส่ง
C00089,บริษัท วรวิทย์โลหะกิจ จำกัด,กฤษฎา โกมินา,กฤษฎา โกมินา
C00617,บริษัท วังเลิศ สตีล เทรดดิ้ง จำกัด,ดาวใจ สมประสงค์,
C00601,บริษัท วิชญะ คอนสตรัคชั่น 2002 จำกัด,อื่นๆ,อื่นๆ
C00011,บริษัท วี เอส พรีแฟบ เพอร์เฟค จำกัด,กฤษฎา โกมินา,กฤษฎา โกมินา
C00342,บริษัท วี.เอช.ซี. สตีลลิ่ง จำกัด,กฤษฎา โกมินา,กฤษฎา โกมินา
C00935,บริษัท วี.เอ็น.กรุ๊ป (1994) จำกัด,กมลชนก แร่มี,กมลชนก แร่มี
C00431,บริษัท วุฒิ โลหะกิจ จำกัด,กฤษฎา โกมินา,กฤษฎา โกมินา
C00817,บริษัท ศรีธนาค้าเหล็ก จำกัด,ดาวใจ สมประสงค์,ดาวใจ สมประสงค์
C00560,บริษัท สตีล พลัส เซ็นเตอร์ จำกัด,กฤษฎา โกมินา,กฤษฎา โกมินา
C00275,บริษัท สมานทองพาณิชย์ จำกัด,เพ็ชชาลี กิจการประพันธ์,เพ็ชชาลี กิจการประพันธ์
C00154,บริษัท สยามโกลบอลเฮ้าส์ จำกัด (มหาชน),SBB,SBB
C00184,บริษัท สหเจริญกิจ สตีล กรุ๊ป จำกัด,กฤษฎา โกมินา,กฤษฎา โกมินา
C00565,บริษัท สาย 1 ค้าเหล็ก จำกัด,กฤษฎา โกมินา,กฤษฎา โกมินา
C00084,บริษัท สินกิจไพบูลย์โลหะการ จำกัด,กฤษฎา โกมินา,กฤษฎา โกมินา
C00169,บริษัท สินสิริ โฮมโปร จำกัด,กฤษฎา โกมินา,กฤษฎา โกมินา
C00676,บริษัท สิรภพ ทรานสปอร์ตแอนด์เซอร์วิส จำกัด,ดาวใจ สมประสงค์,ดาวใจ สมประสงค์
C00391,บริษัท สุพรรณิการ์ จันทบุรี จำกัด,ดาวใจ สมประสงค์,ดาวใจ สมประสงค์
C00110,บริษัท สุ่น ห่ง เฮง จำกัด,SBB,SBB
C00158,บริษัท อภิชัยโลหะกิจ จำกัด,กฤษฎา โกมินา,กฤษฎา โกมินา
C00393,บริษัท อังประภาสตีล จำกัด,SBB,SBB
C00821,บริษัท อัลตามาร์ เซอร์วิส เทค จำกัด,กมลชนก แร่มี,กมลชนก แร่มี
C00492,บริษัท อิตาเลเซียเทรดดิ้ง (ประเทศไทย) จำกัด,กมลชนก แร่มี,กมลชนก แร่มี
C00499,บริษัท อินทรีย์ เม็ททอลชีท (ฉะเชิงเทรา) จำกัด,กฤษฎา โกมินา,
C00185,บริษัท อุดรโชคค้าเหล็กไทย จำกัด,ดาวใจ สมประสงค์,
C00896,บริษัท เก็ทท็อป (ประเทศไทย) จำกัด,กฤษฎา โกมินา,กฤษฎา โกมินา
C00593,บริษัท เขาใหญ่โลหะ จำกัด,กฤษฎา โกมินา,
C00819,บริษัท เจ.ซี (2017) จำกัด,กมลชนก แร่มี,กมลชนก แร่มี
C00235,บริษัท เจริญสุขโฮมพลัส จำกัด,ดาวใจ สมประสงค์,
C00199,บริษัท เจริญไชยสุรินทร์คลังเหล็ก จำกัด,กฤษฎา โกมินา,กฤษฎา โกมินา
C00550,บริษัท เจ็ท สตีล แอนด์ เซอร์วิส จำกัด,กฤษฎา โกมินา,กฤษฎา โกมินา
C00558,บริษัท เดอะบิลีฟ จำกัด,กฤษฎา โกมินา,กฤษฎา โกมินา
S3F4844F268,บริษัท เด่นชัยเจริญสิน ค้าเหล็ก,กฤษฎา โกมินา,
C00663,บริษัท เฟลทเชอร์ จำกัด,กฤษฎา โกมินา,กฤษฎา โกมินา
C00836,บริษัท เมกะ เลเซอร์ สตีล จำกัด,กฤษฎา โกมินา,กฤษฎา โกมินา
C00183,บริษัท เรืองรวินทร์เมทอลเซ็นเตอร์ จำกัด,กฤษฎา โกมินา,กฤษฎา โกมินา
C00327,บริษัท เวิลด์ สตีล เทรดดิ้ง จำกัด,ดาวใจ สมประสงค์,ดาวใจ สมประสงค์
C00553,บริษัท เวิลด์ เมทัล (ประเทศไทย) จำกัด,กฤษฎา โกมินา,กฤษฎา โกมินา
C00190,บริษัท เหล็กสุขสันต์ จำกัด,กฤษฎา โกมินา,
C00786,บริษัท เอ-เวสท์ พร็อพเพอร์ตี้ จำกัด,กมลชนก แร่มี,กมลชนก แร่มี
C00161,บริษัท เอ.พี.อาคเนย์เม็ททัล จำกัด,กฤษฎา โกมินา,กฤษฎา โกมินา
C00657,บริษัท เอส.ที เมอซันไดซ จำกัด,SBB,SBB
C00661,บริษัท เอ็นซี2010 เซอร์วิส แอนด์ ซัพพลาย จำกัด,ดาวใจ สมประสงค์,ดาวใจ สมประสงค์
C00401,บริษัท เอ็นเอส 2021 คอนสตรัคชั่น ซัพพลาย จำกัด,กฤษฎา โกมินา,กฤษฎา โกมินา
C00380,บริษัท แอมโก้เวท จำกัด,กฤษฎา โกมินา,กฤษฎา โกมินา
C00538,บริษัท โลหะเจริญค้าเหล็ก จำกัด,กฤษฎา โกมินา,กฤษฎา โกมินา
C00180,บริษัท โลหะเจริญอิมปอร์ต จำกัด,กฤษฎา โกมินา,กฤษฎา โกมินา
C00094,บริษัท โอเชี่ยนซัพพลายเออร์ จำกัด,กฤษฎา โกมินา,กฤษฎา โกมินา
C00316,บริษัท โฮมทอง สแตนเลส จำกัด,ดาวใจ สมประสงค์,ดาวใจ สมประสงค์
C00628,บริษัท ไทม์ ซัคเซส คอร์ปอเรชั่น จำกัด,กฤษฎา โกมินา,กฤษฎา โกมินา
C00371,บริษัท ไทยคอนส์ แม็กซ์ จำกัด,กฤษฎา โกมินา,กฤษฎา โกมินา
C00261,มูลนิธิ ฮารนามซิงห์ ฮารบันส์กอร์ (สัจจเทพ),กฤษฎา โกมินา,กฤษฎา โกมินา
C00098,ยิ่งเจริญกิจฮาดแวร์,กฤษฎา โกมินา,กฤษฎา โกมินา
C00109,รุ่งเรืองเมทัล,กฤษฎา โกมินา,กฤษฎา โกมินา
C00990,วัดพระราม 9 กาญจนาภิเษก,อื่นๆ,อื่นๆ
C00508,ศรีวิจิตรสตีล,กฤษฎา โกมินา,กฤษฎา โกมินา
C00604,ห้างหุ้นส่วนจำกัด จิวค้าเหล็ก,กฤษฎา โกมินา,กฤษฎา โกมินา
C00059,ห้างหุ้นส่วนจำกัด ชั้งเฮงหลี,กฤษฎา โกมินา,กฤษฎา โกมินา
C00117,ห้างหุ้นส่วนจำกัด ซิงเฮงการหล่อและกลึง (สำนักงานใหญ่),กฤษฎา โกมินา,กฤษฎา โกมินา
C00588,ห้างหุ้นส่วนจำกัด ซีเอ็น สตีล 2023,กมลชนก แร่มี,กมลชนก แร่มี
C00388,ห้างหุ้นส่วนจำกัด ณดาอาเธอร์,กมลชนก แร่มี,กมลชนก แร่มี
C00051,ห้างหุ้นส่วนจำกัด ณัฐมลค้าเหล็ก,กมลชนก แร่มี,
C00781,ห้างหุ้นส่วนจำกัด ทีทีแอล ดอนแดงเจริญทองทวีทรัพย์หลังคาเหล็ก,ดาวใจ สมประสงค์,ดาวใจ สมประสงค์
C00254,ห้างหุ้นส่วนจำกัด ธนาสิทธิ์พาณิชย์,กฤษฎา โกมินา,กฤษฎา โกมินา
C00106,ห้างหุ้นส่วนจำกัด ธัญดา 2012,กฤษฎา โกมินา,กฤษฎา โกมินา
C00307,ห้างหุ้นส่วนจำกัด นำเจริญ โลหะ,กมลชนก แร่มี,
C00789,ห้างหุ้นส่วนจำกัด ปรีชา(เฮียมุ่ย),เพ็ชชาลี กิจการประพันธ์,เพ็ชชาลี กิจการประพันธ์
C00114,ห้างหุ้นส่วนจำกัด พันธกิจซัพพลายส์,กฤษฎา โกมินา,กฤษฎา โกมินา
C00073,ห้างหุ้นส่วนจำกัด มงคลพาณิชย์การเหล็ก,กฤษฎา โกมินา,กฤษฎา โกมินา
C00422,ห้างหุ้นส่วนจำกัด รุ่งทวีโลหะกิจราชพฤกษ์,ดาวใจ สมประสงค์,ดาวใจ สมประสงค์
C00100,ห้างหุ้นส่วนจำกัด รุ่งเจริญรัตนาธิเบศร์ (1997),กฤษฎา โกมินา,
C00145,ห้างหุ้นส่วนจำกัด ลี้ยงเส็งค้าวัสดุ,กมลชนก แร่มี,กมลชนก แร่มี
C00674,ห้างหุ้นส่วนจำกัด ศรีเจริญ ซัพพลาย,กฤษฎา โกมินา,กฤษฎา โกมินา
C00272,ห้างหุ้นส่วนจำกัด ศุภสิทธิ์ อินทรีซุปเปอร์โปร,กมลชนก แร่มี,
C00413,ห้างหุ้นส่วนจำกัด สถาพรหนองไผ่ค้าไม้,ดาวใจ สมประสงค์,ดาวใจ สมประสงค์
S1A051288F0,ห้างหุ้นส่วนจำกัด เกล้าชัยวัสดุภัณฑ์,กฤษฎา โกมินา,
C00269,ห้างหุ้นส่วนจำกัด เหล็กสีฟ้า 2020,กมลชนก แร่มี,กมลชนก แร่มี
C00665,ห้างหุ้นส่วนจำกัด เอ็น.พี.เค.เอ็นจิเนียริ่ง,SBB,SBB
C00885,ห้างหุ้นส่วนจำกัด ไชยโชติก่อสร้าง,กมลชนก แร่มี,กมลชนก แร่มี
C00658,ห้างหุ้นส่วนจำกัด ไทยทูลลิ่ง เลเซอร์,SBB,SBB
C00300,ห้างหุ้นส่วนจำกัด ไทยเอส สตีล,กฤษฎา โกมินา,กฤษฎา โกมินา
C00229,ห้างหุ้นส่วนจำกัดชัยพัฒนกิจ(สกลนคร),ดาวใจ สมประสงค์,
C00647,ห้างหุ้นส่วนสามัญนิติบุคคล ชุมเสริม,อื่นๆ,อื่นๆ
C00056,เพ้งเคหะภัณฑ์,กฤษฎา โกมินา,กฤษฎา โกมินา
C00415,เหล็กทรัพย์อนันต์โลหะกิจ,กฤษฎา โกมินา,กฤษฎา โกมินา
C00096,โอ.ซี.เอ็ม.,กฤษฎา โกมินา,กฤษฎา โกมินา
